,label,coef,error
0,1,1.0756020244948437,0.006046764127493354
1,x0,-0.7333795694449377,0.008175547482595701
2,x1,19.171253196724678,0.41626848792225696
